{
	"credit": "Made by Vega_Senpai",
	"ambientocclusion": false,
	"texture_size": [64, 64],
	"textures": {
		"0": "item/armadillospawn_egg"
	},
	"elements": [
		{
			"from": [12.24, 1.76, 1.75],
			"to": [12.25, 10.26, 14.25],
			"rotation": {"angle": 0, "axis": "y", "origin": [-0.01, 0.01, 0]},
			"faces": {
				"east": {"uv": [0, 8, 3, 10], "texture": "#0"},
				"west": {"uv": [3, 8, 0, 10], "texture": "#0"}
			}
		},
		{
			"from": [4, 2, 2],
			"to": [12, 10, 14],
			"faces": {
				"north": {"uv": [3, 13, 5, 15], "texture": "#0"},
				"east": {"uv": [0, 13, 3, 15], "texture": "#0"},
				"south": {"uv": [8, 13, 10, 15], "texture": "#0"},
				"west": {"uv": [5, 13, 8, 15], "texture": "#0"},
				"up": {"uv": [5, 13, 3, 10], "texture": "#0"},
				"down": {"uv": [7, 10, 5, 13], "texture": "#0"}
			}
		},
		{
			"from": [9, 0, 11],
			"to": [11, 3, 13],
			"faces": {
				"north": {"uv": [13.25, 11.25, 13.75, 12], "texture": "#0"},
				"east": {"uv": [12.75, 11.25, 13.25, 12], "texture": "#0"},
				"south": {"uv": [14.25, 11.25, 14.75, 12], "texture": "#0"},
				"west": {"uv": [13.75, 11.25, 14.25, 12], "texture": "#0"},
				"up": {"uv": [13.75, 11.25, 13.25, 10.75], "texture": "#0"},
				"down": {"uv": [14.25, 10.75, 13.75, 11.25], "texture": "#0"}
			}
		},
		{
			"from": [5, 0, 11],
			"to": [7, 3, 13],
			"faces": {
				"north": {"uv": [11, 11.25, 11.5, 12], "texture": "#0"},
				"east": {"uv": [10.5, 11.25, 11, 12], "texture": "#0"},
				"south": {"uv": [12, 11.25, 12.5, 12], "texture": "#0"},
				"west": {"uv": [11.5, 11.25, 12, 12], "texture": "#0"},
				"up": {"uv": [11.5, 11.25, 11, 10.75], "texture": "#0"},
				"down": {"uv": [12, 10.75, 11.5, 11.25], "texture": "#0"}
			}
		},
		{
			"from": [9, 0, 3],
			"to": [11, 3, 5],
			"faces": {
				"north": {"uv": [13.25, 8.25, 13.75, 9], "texture": "#0"},
				"east": {"uv": [12.75, 8.25, 13.25, 9], "texture": "#0"},
				"south": {"uv": [14.25, 8.25, 14.75, 9], "texture": "#0"},
				"west": {"uv": [13.75, 8.25, 14.25, 9], "texture": "#0"},
				"up": {"uv": [13.75, 8.25, 13.25, 7.75], "texture": "#0"},
				"down": {"uv": [14.25, 7.75, 13.75, 8.25], "texture": "#0"}
			}
		},
		{
			"from": [5, 0, 3],
			"to": [7, 3, 5],
			"faces": {
				"north": {"uv": [11, 8.25, 11.5, 9], "texture": "#0"},
				"east": {"uv": [10.5, 8.25, 11, 9], "texture": "#0"},
				"south": {"uv": [12, 8.25, 12.5, 9], "texture": "#0"},
				"west": {"uv": [11.5, 8.25, 12, 9], "texture": "#0"},
				"up": {"uv": [11.5, 8.25, 11, 7.75], "texture": "#0"},
				"down": {"uv": [12, 7.75, 11.5, 8.25], "texture": "#0"}
			}
		},
		{
			"from": [6, 1.15, -1.925],
			"to": [9, 6.15, 0.075],
			"rotation": {"angle": 22.5, "axis": "x", "origin": [0, 0, 0]},
			"faces": {
				"north": {"uv": [11.25, 4.25, 12, 5.5], "texture": "#0"},
				"east": {"uv": [10.75, 4.25, 11.25, 5.5], "texture": "#0"},
				"south": {"uv": [12.5, 4.25, 13.25, 5.5], "texture": "#0"},
				"west": {"uv": [12, 4.25, 12.5, 5.5], "texture": "#0"},
				"up": {"uv": [12, 4.25, 11.25, 3.75], "texture": "#0"},
				"down": {"uv": [12.75, 3.75, 12, 4.25], "texture": "#0"}
			}
		},
		{
			"from": [7.5, 1.2, 14.55],
			"to": [8.5, 7.2, 15.55],
			"rotation": {"angle": -22.5, "axis": "x", "origin": [8, 3, 16.5]},
			"faces": {
				"north": {"uv": [11.25, 13.5, 11.5, 15], "texture": "#0"},
				"east": {"uv": [11, 13.5, 11.25, 15], "texture": "#0"},
				"south": {"uv": [11.75, 13.5, 12, 15], "texture": "#0"},
				"west": {"uv": [11.5, 13.5, 11.75, 15], "texture": "#0"},
				"up": {"uv": [11.5, 13.5, 11.25, 13.25], "texture": "#0"},
				"down": {"uv": [11.75, 13.25, 11.5, 13.5], "texture": "#0"}
			}
		},
		{
			"from": [8.925, 5.25, 0.15],
			"to": [10.925, 9.25, 0.16],
			"rotation": {"angle": 22.5, "axis": "y", "origin": [10, 7.25, 0.15]},
			"faces": {
				"north": {"uv": [10.75, 2.5, 11.25, 3.5], "texture": "#0"},
				"south": {"uv": [11.25, 2.5, 10.75, 3.5], "texture": "#0"}
			}
		},
		{
			"from": [4.075, 5.25, 0.15],
			"to": [6.075, 9.25, 0.16],
			"rotation": {"angle": -22.5, "axis": "y", "origin": [5, 7.25, 0.15]},
			"faces": {
				"north": {"uv": [11.75, 2.5, 12.25, 3.5], "texture": "#0"},
				"south": {"uv": [12.25, 2.5, 11.75, 3.5], "texture": "#0"}
			}
		},
		{
			"from": [3.75, 1.75, 1.75],
			"to": [3.76, 10.25, 14.25],
			"faces": {
				"east": {"uv": [8, 8, 5, 10], "texture": "#0"},
				"west": {"uv": [5, 8, 8, 10], "texture": "#0"}
			}
		},
		{
			"from": [3.75, 1.75, 14.24],
			"to": [12.25, 10.25, 14.25],
			"rotation": {"angle": 0, "axis": "y", "origin": [0, 0, -0.01]},
			"faces": {
				"north": {"uv": [10, 8, 8, 10], "texture": "#0"},
				"south": {"uv": [8, 8, 10, 10], "texture": "#0"}
			}
		},
		{
			"from": [3.75, 1.75, 1.75],
			"to": [12.25, 10.25, 1.76],
			"faces": {
				"north": {"uv": [3, 8, 5, 10], "texture": "#0"},
				"south": {"uv": [5, 8, 3, 10], "texture": "#0"}
			}
		},
		{
			"from": [3.75, 10.24, 1.75],
			"to": [12.25, 10.25, 14.25],
			"rotation": {"angle": 0, "axis": "y", "origin": [0, -0.01, 0]},
			"faces": {
				"up": {"uv": [5, 8, 3, 5], "texture": "#0"},
				"down": {"uv": [5, 5, 3, 8], "texture": "#0"}
			}
		}
	],
	"display": {
		"thirdperson_righthand": {
			"rotation": [50, 50, 0],
			"translation": [-0.5, 1, 0],
			"scale": [0.3, 0.3, 0.3]
		},
		"thirdperson_lefthand": {
			"rotation": [50, 50, 0],
			"translation": [0, 1, 0],
			"scale": [0.3, 0.3, 0.3]
		},
		"firstperson_righthand": {
			"rotation": [10, 105, -10],
			"translation": [2.5, 3, 0],
			"scale": [0.3, 0.3, 0.3]
		},
		"firstperson_lefthand": {
			"rotation": [10, 105, -10],
			"translation": [2.5, 3, 0],
			"scale": [0.3, 0.3, 0.3]
		},
		"ground": {
			"translation": [0, 1.5, 0],
			"scale": [0.3, 0.3, 0.3]
		},
		"gui": {
			"rotation": [20, 135, 0],
			"translation": [0.1, 2, 0],
			"scale": [0.9, 0.9, 0.9]
		},
		"head": {
			"translation": [0, 10.4, 0],
			"scale": [0.5, 0.5, 0.5]
		},
		"fixed": {
			"rotation": [-90, 0, 0],
			"translation": [0, 0, -8]
		}
	}
}