{
	"credit": "Made by Vega_Senpai",
	"texture_size": [128, 128],
	"textures": {
		"0": "item/breeze_spawn_egg",
		"1": "item/breeze_spawn_egg2"
	},
	"elements": [
		{
			"from": [4, 21, 4],
			"to": [12, 22, 5],
			"rotation": {"angle": 0, "axis": "y", "origin": [0, 10, 0]},
			"faces": {
				"north": {"uv": [4, 8.5, 8, 9], "texture": "#0"},
				"east": {"uv": [3.5, 8.5, 4, 9], "texture": "#0"},
				"west": {"uv": [8, 8.5, 8.5, 9], "texture": "#0"}
			}
		},
		{
			"from": [3, 21, 3.75],
			"to": [3, 25, 7.75],
			"rotation": {"angle": 0, "axis": "y", "origin": [0, 10, 0]},
			"faces": {
				"east": {"uv": [11, 14, 9, 16], "texture": "#0"},
				"west": {"uv": [9, 14, 11, 16], "texture": "#0"}
			}
		},
		{
			"from": [13, 21, 3.75],
			"to": [13, 25, 7.75],
			"rotation": {"angle": 0, "axis": "y", "origin": [0, 10, 0]},
			"faces": {
				"east": {"uv": [2, 14, 4, 16], "texture": "#0"},
				"west": {"uv": [4, 14, 2, 16], "texture": "#0"}
			}
		},
		{
			"from": [3, 21, 3.75],
			"to": [13, 29, 3.75],
			"rotation": {"angle": 0, "axis": "y", "origin": [0, 10, 0]},
			"faces": {
				"north": {"uv": [4, 12, 9, 16], "texture": "#0"},
				"south": {"uv": [4, 12, 9, 16], "texture": "#0"}
			}
		},
		{
			"from": [9.5, 11.5, 8.5],
			"to": [11.5, 19.5, 10.5],
			"rotation": {"angle": -22.5, "axis": "z", "origin": [8, 14, 9]},
			"faces": {
				"north": {"uv": [1, 9.5, 2, 13.5], "texture": "#0"},
				"east": {"uv": [0, 9.5, 1, 13.5], "texture": "#0"},
				"south": {"uv": [3, 9.5, 4, 13.5], "texture": "#0"},
				"west": {"uv": [2, 9.5, 3, 13.5], "texture": "#0"},
				"up": {"uv": [2, 9.5, 1, 8.5], "texture": "#0"},
				"down": {"uv": [3, 8.5, 2, 9.5], "texture": "#0"}
			}
		},
		{
			"from": [7, 10.61732, 4.82612],
			"to": [9, 18.61732, 6.82612],
			"rotation": {"angle": -22.5, "axis": "x", "origin": [8, 13.61732, 5.82612]},
			"faces": {
				"north": {"uv": [1, 9.5, 2, 13.5], "texture": "#0"},
				"east": {"uv": [0, 9.5, 1, 13.5], "texture": "#0"},
				"south": {"uv": [3, 9.5, 4, 13.5], "texture": "#0"},
				"west": {"uv": [2, 9.5, 3, 13.5], "texture": "#0"},
				"up": {"uv": [2, 9.5, 1, 8.5], "texture": "#0"},
				"down": {"uv": [3, 8.5, 2, 9.5], "texture": "#0"}
			}
		},
		{
			"from": [4.25, 10.75, 8.5],
			"to": [6.25, 18.75, 10.5],
			"rotation": {"angle": 22.5, "axis": "z", "origin": [6, 14, 10]},
			"faces": {
				"north": {"uv": [1, 9.5, 2, 13.5], "texture": "#0"},
				"east": {"uv": [0, 9.5, 1, 13.5], "texture": "#0"},
				"south": {"uv": [3, 9.5, 4, 13.5], "texture": "#0"},
				"west": {"uv": [2, 9.5, 3, 13.5], "texture": "#0"},
				"up": {"uv": [2, 9.5, 1, 8.5], "texture": "#0"},
				"down": {"uv": [3, 8.5, 2, 9.5], "texture": "#0"}
			}
		},
		{
			"from": [4, 20, 4],
			"to": [12, 28, 12],
			"rotation": {"angle": 0, "axis": "y", "origin": [0, 10, 0.25]},
			"faces": {
				"north": {"uv": [4, 4, 8, 8], "texture": "#0"},
				"east": {"uv": [0, 4, 4, 8], "texture": "#0"},
				"south": {"uv": [12, 4, 16, 8], "texture": "#0"},
				"west": {"uv": [8, 4, 12, 8], "texture": "#0"},
				"up": {"uv": [8, 4, 4, 0], "texture": "#0"},
				"down": {"uv": [12, 0, 8, 4], "texture": "#0"}
			}
		},
		{
			"from": [4, 7, 4],
			"to": [12, 13, 4],
			"rotation": {"angle": 0, "axis": "y", "origin": [0, 4, 0]},
			"faces": {
				"north": {"uv": [0, 5, 1.5, 5.75], "texture": "#1"},
				"east": {"uv": [4.5, 5, 6, 5.75], "texture": "#1"},
				"south": {"uv": [1.5, 5, 0, 5.75], "texture": "#1"},
				"west": {"uv": [1.5, 5, 3, 5.75], "texture": "#1"}
			}
		},
		{
			"from": [12, 7, 4],
			"to": [12, 13, 12],
			"rotation": {"angle": 0, "axis": "y", "origin": [0, 4, 0]},
			"faces": {
				"north": {"uv": [0, 5, 1.5, 5.75], "texture": "#1"},
				"east": {"uv": [4.5, 5, 6, 5.75], "texture": "#1"},
				"south": {"uv": [3, 5, 4.5, 5.75], "texture": "#1"},
				"west": {"uv": [6, 5, 4.5, 5.75], "texture": "#1"}
			}
		},
		{
			"from": [4, 7, 12],
			"to": [12, 13, 12],
			"rotation": {"angle": 0, "axis": "y", "origin": [0, 4, 0]},
			"faces": {
				"north": {"uv": [4.5, 5, 3, 5.75], "texture": "#1"},
				"east": {"uv": [4.5, 5, 6, 5.75], "texture": "#1"},
				"south": {"uv": [3, 5, 4.5, 5.75], "texture": "#1"},
				"west": {"uv": [1.5, 5, 3, 5.75], "texture": "#1"}
			}
		},
		{
			"from": [4, 7, 4],
			"to": [4, 13, 12],
			"rotation": {"angle": 0, "axis": "y", "origin": [0, 4, 0]},
			"faces": {
				"north": {"uv": [0, 5, 1.5, 5.75], "texture": "#1"},
				"east": {"uv": [3, 5, 1.5, 5.75], "texture": "#1"},
				"south": {"uv": [3, 5, 4.5, 5.75], "texture": "#1"},
				"west": {"uv": [1.5, 5, 3, 5.75], "texture": "#1"}
			}
		},
		{
			"from": [2, 13, 14],
			"to": [14, 21, 14],
			"rotation": {"angle": 0, "axis": "y", "origin": [0, 4, 0]},
			"faces": {
				"north": {"uv": [4.5, 2.25, 3, 3.25], "texture": "#1"},
				"east": {"uv": [4.5, 2.25, 6, 3.25], "texture": "#1"},
				"south": {"uv": [3, 2.25, 4.5, 3.25], "texture": "#1"},
				"west": {"uv": [1.5, 2.25, 3, 3.25], "texture": "#1"}
			}
		},
		{
			"from": [2, 13, 2],
			"to": [14, 21, 2],
			"rotation": {"angle": 0, "axis": "y", "origin": [0, 4, 0]},
			"faces": {
				"north": {"uv": [0, 2.25, 1.5, 3.25], "texture": "#1"},
				"east": {"uv": [4.5, 2.25, 6, 3.25], "texture": "#1"},
				"south": {"uv": [1.5, 2.25, 0, 3.25], "texture": "#1"},
				"west": {"uv": [1.5, 2.25, 3, 3.25], "texture": "#1"}
			}
		},
		{
			"from": [14, 13, 2],
			"to": [14, 21, 14],
			"rotation": {"angle": 0, "axis": "y", "origin": [0, 4, 0]},
			"faces": {
				"north": {"uv": [0, 2.25, 1.5, 3.25], "texture": "#1"},
				"east": {"uv": [4.5, 2.25, 6, 3.25], "texture": "#1"},
				"south": {"uv": [3, 2.25, 4.5, 3.25], "texture": "#1"},
				"west": {"uv": [6, 2.25, 4.5, 3.25], "texture": "#1"}
			}
		},
		{
			"from": [2, 13, 2],
			"to": [2, 21, 14],
			"rotation": {"angle": 0, "axis": "y", "origin": [0, 4, 0]},
			"faces": {
				"north": {"uv": [0, 2.25, 1.5, 3.25], "texture": "#1"},
				"east": {"uv": [3, 2.25, 1.5, 3.25], "texture": "#1"},
				"south": {"uv": [3, 2.25, 4.5, 3.25], "texture": "#1"},
				"west": {"uv": [1.5, 2.25, 3, 3.25], "texture": "#1"}
			}
		},
		{
			"from": [5.5, 0, 5.5],
			"to": [10.5, 7, 5.5],
			"rotation": {"angle": 0, "axis": "y", "origin": [0, 4, 0]},
			"faces": {
				"north": {"uv": [0, 11, 0.625, 11.875], "texture": "#1"},
				"east": {"uv": [1.875, 11, 2.5, 11.875], "texture": "#1"},
				"south": {"uv": [0.625, 11, 0, 11.875], "texture": "#1"},
				"west": {"uv": [0.625, 11, 1.25, 11.875], "texture": "#1"}
			}
		},
		{
			"from": [10.5, 0, 5.5],
			"to": [10.5, 7, 10.5],
			"rotation": {"angle": 0, "axis": "y", "origin": [0, 4, 0]},
			"faces": {
				"north": {"uv": [0, 11, 0.625, 11.875], "texture": "#1"},
				"east": {"uv": [1.875, 11, 2.5, 11.875], "texture": "#1"},
				"south": {"uv": [1.25, 11, 1.875, 11.875], "texture": "#1"},
				"west": {"uv": [2.5, 11, 1.875, 11.875], "texture": "#1"}
			}
		},
		{
			"from": [5.5, 0, 10.5],
			"to": [10.5, 7, 10.5],
			"rotation": {"angle": 0, "axis": "y", "origin": [0, 4, 0]},
			"faces": {
				"north": {"uv": [1.875, 11, 1.25, 11.875], "texture": "#1"},
				"east": {"uv": [1.875, 11, 2.5, 11.875], "texture": "#1"},
				"south": {"uv": [1.25, 11, 1.875, 11.875], "texture": "#1"},
				"west": {"uv": [0.625, 11, 1.25, 11.875], "texture": "#1"}
			}
		},
		{
			"from": [5.5, 0, 5.5],
			"to": [5.5, 7, 10.5],
			"rotation": {"angle": 0, "axis": "y", "origin": [0, 4, 0]},
			"faces": {
				"north": {"uv": [0, 11, 0.625, 11.875], "texture": "#1"},
				"east": {"uv": [1.25, 11, 0.625, 11.875], "texture": "#1"},
				"south": {"uv": [1.25, 11, 1.875, 11.875], "texture": "#1"},
				"west": {"uv": [0.625, 11, 1.25, 11.875], "texture": "#1"}
			}
		},
		{
			"from": [5.5, 7, 5.5],
			"to": [10.5, 13, 5.5],
			"rotation": {"angle": 0, "axis": "y", "origin": [0, 4, 0]},
			"faces": {
				"north": {"uv": [0, 9.5, 0.625, 10.25], "texture": "#1"},
				"east": {"uv": [1.875, 9.5, 2.5, 10.25], "texture": "#1"},
				"south": {"uv": [0.625, 9.5, 0, 10.25], "texture": "#1"},
				"west": {"uv": [0.625, 9.5, 1.25, 10.25], "texture": "#1"}
			}
		},
		{
			"from": [10.5, 7, 5.5],
			"to": [10.5, 13, 10.5],
			"rotation": {"angle": 0, "axis": "y", "origin": [0, 4, 0]},
			"faces": {
				"north": {"uv": [0, 9.5, 0.625, 10.25], "texture": "#1"},
				"east": {"uv": [1.875, 9.5, 2.5, 10.25], "texture": "#1"},
				"south": {"uv": [1.25, 9.5, 1.875, 10.25], "texture": "#1"},
				"west": {"uv": [2.5, 9.5, 1.875, 10.25], "texture": "#1"}
			}
		},
		{
			"from": [5.5, 7, 10.5],
			"to": [10.5, 13, 10.5],
			"rotation": {"angle": 0, "axis": "y", "origin": [0, 4, 0]},
			"faces": {
				"north": {"uv": [1.875, 9.5, 1.25, 10.25], "texture": "#1"},
				"east": {"uv": [1.875, 9.5, 2.5, 10.25], "texture": "#1"},
				"south": {"uv": [1.25, 9.5, 1.875, 10.25], "texture": "#1"},
				"west": {"uv": [0.625, 9.5, 1.25, 10.25], "texture": "#1"}
			}
		},
		{
			"from": [5.5, 7, 5.5],
			"to": [5.5, 13, 10.5],
			"rotation": {"angle": 0, "axis": "y", "origin": [0, 4, 0]},
			"faces": {
				"north": {"uv": [0, 9.5, 0.625, 10.25], "texture": "#1"},
				"east": {"uv": [1.25, 9.5, 0.625, 10.25], "texture": "#1"},
				"south": {"uv": [1.25, 9.5, 1.875, 10.25], "texture": "#1"},
				"west": {"uv": [0.625, 9.5, 1.25, 10.25], "texture": "#1"}
			}
		},
		{
			"from": [5.5, 13, 5.5],
			"to": [10.5, 21, 5.5],
			"rotation": {"angle": 0, "axis": "y", "origin": [0, 4, 0]},
			"faces": {
				"north": {"uv": [0, 7.75, 0.625, 8.75], "texture": "#1"},
				"east": {"uv": [1.875, 7.75, 2.5, 8.75], "texture": "#1"},
				"south": {"uv": [0.625, 7.75, 0, 8.75], "texture": "#1"},
				"west": {"uv": [0.625, 7.75, 1.25, 8.75], "texture": "#1"}
			}
		},
		{
			"from": [10.5, 13, 5.5],
			"to": [10.5, 21, 10.5],
			"rotation": {"angle": 0, "axis": "y", "origin": [0, 4, 0]},
			"faces": {
				"north": {"uv": [0, 7.75, 0.625, 8.75], "texture": "#1"},
				"east": {"uv": [1.875, 7.75, 2.5, 8.75], "texture": "#1"},
				"south": {"uv": [1.25, 7.75, 1.875, 8.75], "texture": "#1"},
				"west": {"uv": [2.5, 7.75, 1.875, 8.75], "texture": "#1"}
			}
		},
		{
			"from": [5.5, 13, 10.5],
			"to": [10.5, 21, 10.5],
			"rotation": {"angle": 0, "axis": "y", "origin": [0, 4, 0]},
			"faces": {
				"north": {"uv": [1.875, 7.75, 1.25, 8.75], "texture": "#1"},
				"east": {"uv": [1.875, 7.75, 2.5, 8.75], "texture": "#1"},
				"south": {"uv": [1.25, 7.75, 1.875, 8.75], "texture": "#1"},
				"west": {"uv": [0.625, 7.75, 1.25, 8.75], "texture": "#1"}
			}
		},
		{
			"from": [5.5, 13, 5.5],
			"to": [5.5, 21, 10.5],
			"rotation": {"angle": 0, "axis": "y", "origin": [0, 4, 0]},
			"faces": {
				"north": {"uv": [0, 7.75, 0.625, 8.75], "texture": "#1"},
				"east": {"uv": [1.25, 7.75, 0.625, 8.75], "texture": "#1"},
				"south": {"uv": [1.25, 7.75, 1.875, 8.75], "texture": "#1"},
				"west": {"uv": [0.625, 7.75, 1.25, 8.75], "texture": "#1"}
			}
		},
		{
			"from": [-1, 13, 17],
			"to": [17, 21, 17],
			"rotation": {"angle": 0, "axis": "y", "origin": [0, 4, 0]},
			"faces": {
				"north": {"uv": [6.75, 2.25, 4.5, 3.25], "texture": "#1"},
				"east": {"uv": [6.75, 2.25, 9, 3.25], "texture": "#1"},
				"south": {"uv": [4.5, 2.25, 6.75, 3.25], "texture": "#1"},
				"west": {"uv": [2.25, 2.25, 4.5, 3.25], "texture": "#1"}
			}
		},
		{
			"from": [-1, 13, -1],
			"to": [-1, 21, 17],
			"rotation": {"angle": 0, "axis": "y", "origin": [0, 4, 0]},
			"faces": {
				"north": {"uv": [0, 2.25, 2.25, 3.25], "texture": "#1"},
				"east": {"uv": [4.5, 2.25, 2.25, 3.25], "texture": "#1"},
				"south": {"uv": [4.5, 2.25, 6.75, 3.25], "texture": "#1"},
				"west": {"uv": [2.25, 2.25, 4.5, 3.25], "texture": "#1"}
			}
		},
		{
			"from": [-1, 13, -1],
			"to": [17, 21, -1],
			"rotation": {"angle": 0, "axis": "y", "origin": [0, 4, 0]},
			"faces": {
				"north": {"uv": [0, 2.25, 2.25, 3.25], "texture": "#1"},
				"east": {"uv": [6.75, 2.25, 9, 3.25], "texture": "#1"},
				"south": {"uv": [2.25, 2.25, 0, 3.25], "texture": "#1"},
				"west": {"uv": [2.25, 2.25, 4.5, 3.25], "texture": "#1"}
			}
		},
		{
			"from": [17, 13, -1],
			"to": [17, 21, 17],
			"rotation": {"angle": 0, "axis": "y", "origin": [0, 4, 0]},
			"faces": {
				"north": {"uv": [0, 2.25, 2.25, 3.25], "texture": "#1"},
				"east": {"uv": [6.75, 2.25, 9, 3.25], "texture": "#1"},
				"south": {"uv": [4.5, 2.25, 6.75, 3.25], "texture": "#1"},
				"west": {"uv": [9, 2.25, 6.75, 3.25], "texture": "#1"}
			}
		},
		{
			"from": [14, 7, 2],
			"to": [14, 13, 14],
			"rotation": {"angle": 0, "axis": "y", "origin": [0, 4, 0]},
			"faces": {
				"north": {"uv": [0, 5, 1.5, 5.75], "texture": "#1"},
				"east": {"uv": [4.5, 5, 6, 5.75], "texture": "#1"},
				"south": {"uv": [3, 5, 4.5, 5.75], "texture": "#1"},
				"west": {"uv": [6, 5, 4.5, 5.75], "texture": "#1"}
			}
		},
		{
			"from": [2, 7, 14],
			"to": [14, 13, 14],
			"rotation": {"angle": 0, "axis": "y", "origin": [0, 4, 0]},
			"faces": {
				"north": {"uv": [4.5, 5, 3, 5.75], "texture": "#1"},
				"east": {"uv": [4.5, 5, 6, 5.75], "texture": "#1"},
				"south": {"uv": [3, 5, 4.5, 5.75], "texture": "#1"},
				"west": {"uv": [1.5, 5, 3, 5.75], "texture": "#1"}
			}
		},
		{
			"from": [2, 7, 2],
			"to": [2, 13, 14],
			"rotation": {"angle": 0, "axis": "y", "origin": [0, 4, 0]},
			"faces": {
				"north": {"uv": [0, 5, 1.5, 5.75], "texture": "#1"},
				"east": {"uv": [3, 5, 1.5, 5.75], "texture": "#1"},
				"south": {"uv": [3, 5, 4.5, 5.75], "texture": "#1"},
				"west": {"uv": [1.5, 5, 3, 5.75], "texture": "#1"}
			}
		},
		{
			"from": [2, 7, 2],
			"to": [14, 13, 2],
			"rotation": {"angle": 0, "axis": "y", "origin": [0, 4, 0]},
			"faces": {
				"north": {"uv": [0, 5, 1.5, 5.75], "texture": "#1"},
				"east": {"uv": [4.5, 5, 6, 5.75], "texture": "#1"},
				"south": {"uv": [1.5, 5, 0, 5.75], "texture": "#1"},
				"west": {"uv": [1.5, 5, 3, 5.75], "texture": "#1"}
			}
		}
	],
	"display": {
		"thirdperson_righthand": {
			"rotation": [50, 50, 0],
			"translation": [0, 1, 0],
			"scale": [0.3, 0.3, 0.3]
		},
		"thirdperson_lefthand": {
			"rotation": [50, 50, 0],
			"translation": [0, 1, 0],
			"scale": [0.3, 0.3, 0.3]
		},
		"firstperson_righthand": {
			"rotation": [10, 115, -10],
			"translation": [1.5, 1.75, 0],
			"scale": [0.3, 0.3, 0.3]
		},
		"firstperson_lefthand": {
			"rotation": [10, 115, -10],
			"translation": [1.5, 1.75, 0],
			"scale": [0.3, 0.3, 0.3]
		},
		"ground": {
			"translation": [0, 1.5, 0],
			"scale": [0.3, 0.3, 0.3]
		},
		"gui": {
			"rotation": [25, 135, 0],
			"translation": [0, -3.25, 0],
			"scale": [0.55, 0.55, 0.55]
		},
		"head": {
			"translation": [0, 12, 0],
			"scale": [0.5, 0.5, 0.5]
		},
		"fixed": {
			"rotation": [-90, 0, 0],
			"translation": [0, 0, -13.5]
		}
	},
	"groups": [
		{
			"name": "group",
			"origin": [0, 10, 0.25],
			"color": 0,
			"children": [0, 1, 2, 3, 4, 5, 6, 7]
		},
		{
			"name": "wind",
			"origin": [0, 4, 0],
			"color": 0,
			"children": [
				{
					"name": "group",
					"origin": [0, 4, 0],
					"color": 0,
					"children": [8, 9, 10, 11]
				},
				{
					"name": "group",
					"origin": [0, 4, 0],
					"color": 0,
					"children": [12, 13, 14, 15]
				},
				{
					"name": "group",
					"origin": [0, 4, 0],
					"color": 0,
					"children": [16, 17, 18, 19]
				},
				{
					"name": "group",
					"origin": [0, 4, 0],
					"color": 0,
					"children": [20, 21, 22, 23]
				},
				{
					"name": "group",
					"origin": [0, 4, 0],
					"color": 0,
					"children": [24, 25, 26, 27]
				},
				{
					"name": "group",
					"origin": [0, 4, 0],
					"color": 0,
					"children": [28, 29, 30, 31]
				},
				{
					"name": "group",
					"origin": [0, 4, 0],
					"color": 0,
					"children": [32, 33, 34, 35]
				}
			]
		}
	]
}